insert into Departments values ('Кафедра информационных систем и технологий')

insert into Positions values ('Профессор')
insert into Positions values ('Доцент')
insert into Positions values ('Старший преподаватель')
insert into Positions values ('Аспирант')
insert into Positions values ('Ассистент')

insert into Disciplines values ('Базы Данных')
insert into Disciplines values ('Программирование')
insert into Disciplines values ('Методы оптимизации')
insert into Disciplines values ('ТОАУ')
insert into Disciplines values ('Разработка мобильных приложений')
insert into Disciplines values ('Web-Приложения')
insert into Disciplines values ('Объектно-ориентированное программирование')
insert into Disciplines values ('Системы и сети массового обслуживания')
insert into Disciplines values ('Операционные системы')
insert into Disciplines values ('Параллельное программирование')
insert into Disciplines values ('IP-телефония и телевидение')
insert into Disciplines values ('Вычислительные системы')
insert into Disciplines values ('Сетевая безопасность')
insert into Disciplines values ('Системное программирование')
insert into Disciplines values ('Моделирование информационно-вычислительных систем')

insert into Teachers values ('Чигарина','Елена','Ивановна',1,2)
insert into Teachers values ('Головнин','Олег','Константинович',1,2)
insert into Teachers values ('Востокин','Сергей','Владимирович',1,1)
insert into Teachers values ('Прохоров','Сергей','Антонович',1,1)
insert into Teachers values ('Михеева','Татьяна','Ивановна',1,1)
insert into Teachers values ('Сухов','Андрей','Михайлович',1,1)
insert into Teachers values ('Есипов','Борис','Алексеевич',1,2)
insert into Teachers values ('Лёзин','Илья','Александрович',1,2)
insert into Teachers values ('Лёзина','Ирина','Викторовна',1,2)
insert into Teachers values ('Литвинов','Владимир','Геннадьевич',1,2)
insert into Teachers values ('Симонова','Елена','Витальевна',1,2)

insert into Specialities values ('09.03.01D','Информатика и вычислительная техника (а)')
insert into Specialities values ('09.03.01','Информатика и вычислительная техника (п)')
insert into Specialities values ('02.03.02','Фундаментальная информатика и информационные технологии')
insert into Specialities values ('01.03.02','Прикладная математика и информатика')
insert into Specialities values ('03.03.01','Прикладная математика и физика')
insert into Specialities values ('10.05.03','Информационная безопасность автоматизированных систем')

insert into StudyGroup values ('6401',17,'09.03.01')
insert into StudyGroup values ('6402',18,'09.03.01')
insert into StudyGroup values ('6403',19,'09.03.01')
insert into StudyGroup values ('6404',10,'09.03.01D')
insert into StudyGroup values ('6406',13,'03.03.01')
insert into StudyGroup values ('6407',18,'01.03.02')
insert into StudyGroup values ('6408',20,'01.03.02')
insert into StudyGroup values ('6409',20,'01.03.02')
insert into StudyGroup values ('6411',21,'10.05.03')
insert into StudyGroup values ('6412',17,'10.05.03')
insert into StudyGroup values ('6413',18,'02.03.02')
insert into StudyGroup values ('6414',19,'02.03.02')

insert into GroupStudies values ('Лекция')
insert into GroupStudies values ('Практическое занятие')
insert into GroupStudies values ('Лабораторная работа')
insert into GroupStudies values ('Курсовой проект')
insert into GroupStudies values ('Контролируемая самостоятельная работа студентов')

insert into PersonalStudies values ('Государственная аттестационная комиссия у бакалавров',1)
insert into PersonalStudies values ('Государственная аттестационная комиссия у магистров',2)
insert into PersonalStudies values ('Выпускная квалификационная работа магистра',8)
insert into PersonalStudies values ('Выпускная квалификационная работа бакалавра',8)
insert into PersonalStudies values ('Работа с аспирантом',8)

insert into GroupLoads values (32,1,1,4,1,1,'6404',1)
insert into GroupLoads values (16,1,1,4,1,1,'6404',3)

insert into GroupLoads values (32,1,1,4,1,1,'6403',1)
insert into GroupLoads values (16,1,1,4,1,1,'6403',3)
								  
insert into GroupLoads values (32,1,1,4,1,1,'6402',1)
insert into GroupLoads values (16,1,1,4,1,1,'6402',3)
								 
insert into GroupLoads values (32,1,1,4,1,1,'6401',1)
insert into GroupLoads values (16,1,1,4,1,1,'6401',3)
insert into GroupLoads values (16,1,1,4,1,1,'6401',3)

insert into GroupLoads values (32,2,1,1,11,2,'6101',1)
insert into GroupLoads values (32,2,1,1,11,2,'6102',1)
insert into GroupLoads values (32,2,1,1,11,2,'6103',1)
insert into GroupLoads values (32,2,1,1,11,2,'6104',1)

insert into GroupLoads values (16,2,1,1,11,2,'6101',2)
insert into GroupLoads values (16,2,1,1,11,2,'6102',2)
insert into GroupLoads values (16,2,1,1,10,2,'6103',2)
insert into GroupLoads values (16,2,1,1,10,2,'6104',2)

insert into GroupLoads values (16,2,1,1,11,2,'6101',3)
insert into GroupLoads values (16,2,1,1,11,2,'6102',3)
insert into GroupLoads values (16,2,1,1,10,2,'6103',3)
insert into GroupLoads values (16,2,1,1,10,2,'6104',3)

insert into GroupLoads values (32,1,1,3,9,7,'6301',1)
insert into GroupLoads values (32,1,1,3,9,7,'6302',1)
insert into GroupLoads values (32,1,1,3,9,7,'6303',1)
insert into GroupLoads values (32,1,1,3,9,7,'6304',1)
									  
insert into GroupLoads values (16,1,1,3,9,7,'6301',3)
insert into GroupLoads values (16,1,1,3,9,7,'6302',3)
insert into GroupLoads values (16,1,1,3,9,7,'6303',3)
insert into GroupLoads values (16,1,1,3,9,7,'6304',3)

insert into GroupLoads values (24,1,1,1,7,4,'6401',1)
insert into GroupLoads values (24,1,1,1,7,4,'6402',1)
insert into GroupLoads values (24,1,1,1,7,4,'6403',1)								  
								  		  
insert into GroupLoads values (16,1,1,1,7,4,'6401',3)
insert into GroupLoads values (16,1,1,1,7,4,'6402',3)
insert into GroupLoads values (16,1,1,1,7,4,'6403',3)

insert into GroupLoads values (32,2,1,3,5,45,'6301',1)
insert into GroupLoads values (32,2,1,3,5,45,'6302',1)
insert into GroupLoads values (32,2,1,3,5,45,'6303',1)
insert into GroupLoads values (32,2,1,3,5,45,'6304',1)
								  		
insert into GroupLoads values (16,2,1,3,5,45,'6301',2)
insert into GroupLoads values (16,2,1,3,5,45,'6302',2)
insert into GroupLoads values (16,2,1,3,5,45,'6303',2)
insert into GroupLoads values (16,2,1,3,5,45,'6304',2)
									  	
insert into GroupLoads values (16,2,1,3,5,45,'6301',3)
insert into GroupLoads values (16,2,1,3,5,45,'6302',3)
insert into GroupLoads values (16,2,1,3,5,45,'6303',3)
insert into GroupLoads values (16,2,1,3,5,45,'6304',3)

insert into GroupLoads values (32,2,1,3,2,45,'6301',1)
insert into GroupLoads values (32,2,1,3,2,45,'6302',1)
insert into GroupLoads values (32,2,1,3,2,45,'6303',1)
insert into GroupLoads values (32,2,1,3,2,45,'6304',1)
								  		
insert into GroupLoads values (16,2,1,3,2,45,'6301',2)
insert into GroupLoads values (16,2,1,3,2,45,'6302',2)
insert into GroupLoads values (16,2,1,3,2,45,'6303',2)
insert into GroupLoads values (16,2,1,3,2,45,'6304',2)
									  	
insert into GroupLoads values (16,2,1,3,2,45,'6301',3)
insert into GroupLoads values (16,2,1,3,2,45,'6302',3)
insert into GroupLoads values (16,2,1,3,2,45,'6303',3)
insert into GroupLoads values (16,2,1,3,2,45,'6304',3)

insert into GroupLoads values (8,1,1,4,6,1,'6404',1)
insert into GroupLoads values (8,1,1,4,6,1,'6404',2)
insert into GroupLoads values (8,1,1,4,6,1,'6404',3)



insert into PersonalLoads values (5,1,4)
insert into PersonalLoads values (4,1,5)

insert into PersonalLoads values (3,2,4)
insert into PersonalLoads values (1,2,5)

insert into PersonalLoads values (2,3,4)
insert into PersonalLoads values (6,3,5)

insert into PersonalLoads values (2,4,4)
insert into PersonalLoads values (3,4,5)

insert into PersonalLoads values (3,5,5)
insert into PersonalLoads values (20,5,2)
insert into PersonalLoads values (1,5,6)

insert into PersonalLoads values (3,4,4)
insert into PersonalLoads values (1,4,5)
insert into PersonalLoads values (40,4,2)
insert into PersonalLoads values (40,4,3)
insert into PersonalLoads values (2,4,6)